<ConceptMap xmlns="http://hl7.org/fhir">
    <url value="https://fhir.kbv.de/ConceptMap/KBV_CM_MIO_Vaccination_Vaccine_Targetdisease" />
    <version value="1.1.0" />
    <name value="KBV_CM_MIO_Vaccination_Vaccine_Targetdisease" />
    <status value="active" />
    <experimental value="false" />
    <publisher value="Kassenärztliche Bundesvereinigung (KBV)" />
    <description value="Diese Conceptmap verknüpft die Codes für impfrelevante durchgemachte Krankheiten mit denen für Impfstoffe und bietet einen deutschen Code." />
    <copyright value="Copyright © [2020], Kassenärztliche Bundesvereinigung (KBV). All rights reserved. Hinweis: This material includes SNOMED Clinical Terms® (SNOMED CT®) which is used by permission of SNOMED International. All rights reserved. SNOMED CT®, was originally created by The College of American Pathologists. SNOMED and SNOMED CT are registered trademarks of SNOMED International. Implementers of these artefacts must have the appropriate SNOMED CT Affiliate license." />
    <group>
      <source value="http://snomed.info/sct" />
      <target value="http://fhir.de/CodeSystem/dimdi/alpha-id" />
      <element>
        <code value="840539006" />
        <display value="Disease caused by Severe acute respiratory syndrome coronavirus 2 (disorder)" />
        <target>
          <code value="I130800" />
          <display value="COVID-19 o.n.A." />
          <equivalence value="equivalent" />
        </target>
      </element>
      <element>
        <code value="67924001" />
        <display value="Smallpox (disorder)" />
        <target>
          <code value="I15064" />
          <display value="Pocken" />
          <equivalence value="equivalent" />
        </target>
      </element>
      <element>
        <code value="240532009" />
        <display value="Human papilomavirus infection (disorder)" />
        <target>
          <code value="I130676" />
          <display value="HPV [Humanes Papillomavirus]-Infektion" />
          <equivalence value="equivalent" />
        </target>
      </element>
      <element>
        <code value="16541001" />
        <display value="Yellow fewer (disorder)" />
        <target>
          <code value="I14036" />
          <display value="Gelbfieber" />
          <equivalence value="equivalent" />
        </target>
      </element>
      <element>
        <code value="4740000" />
        <display value="Herpes Zoster (disorder)" />
        <target>
          <code value="I23144" />
          <display value="Herpes zoster" />
          <equivalence value="equivalent" />
        </target>
      </element>
      <element>
        <code value="38907003" />
        <display value="Varicella (disorder)" />
        <target>
          <code value="I15579" />
          <display value="Windpocken" />
          <equivalence value="equivalent" />
        </target>
      </element>
      <element>
        <code value="36653000" />
        <display value="Rubella (disorder)" />
        <target>
          <code value="I15222" />
          <display value="Röteln" />
          <equivalence value="equivalent" />
        </target>
      </element>
      <element>
        <code value="18624000" />
        <display value="Disease caused by Rotavirus (disorder)" />
        <target>
          <code value="I130669" />
          <display value="Rotaviren-Infektion" />
          <equivalence value="equivalent" />
        </target>
      </element>
      <element>
        <code value="14168008" />
        <display value="Rabies (disorder)" />
        <target>
          <code value="I22407" />
          <display value="Tollwut" />
          <equivalence value="equivalent" />
        </target>
      </element>
      <element>
        <code value="398102009" />
        <display value="Acute Poliomyelitis (disorder)" />
        <target>
          <code value="I14372" />
          <display value="Poliomyelitis" />
          <equivalence value="equivalent" />
        </target>
      </element>
      <element>
        <code value="36989005" />
        <display value="Mumps (disorder)" />
        <target>
          <code value="I14707" />
          <display value="Mumps" />
          <equivalence value="equivalent" />
        </target>
      </element>
      <element>
        <code value="14189004" />
        <display value="Measles (disorder)" />
        <target>
          <code value="I14609" />
          <display value="Masern" />
          <equivalence value="equivalent" />
        </target>
      </element>
      <element>
        <code value="40468003" />
        <display value="Viral hepatitis, type A (disorder)" />
        <target>
          <code value="I15771" />
          <display value="Hepatitis A" />
          <equivalence value="equivalent" />
        </target>
      </element>
      <element>
        <code value="66071002" />
        <display value="Viral hepatitis, type B (disorder)" />
        <target>
          <code value="I15777" />
          <display value="Hepatitis B" />
          <equivalence value="equivalent" />
        </target>
      </element>
      <element>
        <code value="6142004" />
        <display value="Influenza (disorder)" />
        <target>
          <code value="I14083" />
          <display value="Grippe [Influenza]" />
          <equivalence value="equivalent" />
        </target>
      </element>
      <element>
        <code value="52947006" />
        <display value="Japanese encephalitis virus disease (disorder)" />
        <target>
          <code value="I1064" />
          <display value="Japanische Enzephalitis" />
          <equivalence value="equivalent" />
        </target>
      </element>
      <element>
        <code value="16901001" />
        <display value="Central European encephalitis (disorder)" />
        <target>
          <code value="I23483" />
          <display value="FSME [Zentraleuropäische Frühsommer-Meningoenzephalitis]" />
          <equivalence value="equivalent" />
        </target>
      </element>
      <element>
        <code value="4834000" />
        <display value="Typhoid fever (disorder)" />
        <target>
          <code value="I22454" />
          <display value="Typhus" />
          <equivalence value="equivalent" />
        </target>
      </element>
      <element>
        <code value="56717001" />
        <display value="Tuberculosis (disorder)" />
        <target>
          <code value="I22433" />
          <display value="Tuberkulose" />
          <equivalence value="equivalent" />
        </target>
      </element>
      <element>
        <code value="76902006" />
        <display value="Tetanus (disorder)" />
        <target>
          <code value="I15432" />
          <display value="Tetanus-Infektion" />
          <equivalence value="equivalent" />
        </target>
      </element>
      <element>
        <code value="16814004" />
        <display value="Pneumococcal infectious disease (disorder)" />
        <target>
          <code value="I130672" />
          <display value="Pneumokokken-Infektion" />
          <equivalence value="equivalent" />
        </target>
      </element>
      <element>
        <code value="58750007" />
        <display value="Plague (disorder)" />
        <target>
          <code value="I15008" />
          <display value="Pest" />
          <equivalence value="equivalent" />
        </target>
      </element>
      <element>
        <code value="27836007" />
        <display value="Pertussis (disorder)" />
        <target>
          <code value="I14368" />
          <display value="Pertussis" />
          <equivalence value="equivalent" />
        </target>
      </element>
      <element>
        <code value="23511006" />
        <display value="Meningococcal infectious disease (disorder)" />
        <target>
          <code value="I130671" />
          <display value="Meningokokken-Infektion" />
          <equivalence value="equivalent" />
        </target>
      </element>
      <element>
        <code value="709410003" />
        <display value="Haemophilus influenzae type b infection (disorder)" />
        <target>
          <code value="I130674" />
          <display value="Haemophilus-influenzae-Typ-B-Infektion" />
          <equivalence value="equivalent" />
        </target>
      </element>
      <element>
        <code value="397430003" />
        <display value="Diphtheria caused by Corynebacterium diphtheriae (disorder)" />
        <target>
          <code value="I23502" />
          <display value="Diphtherie" />
          <equivalence value="equivalent" />
        </target>
      </element>
      <element>
        <code value="63650001" />
        <display value="Cholera (disorder)" />
        <target>
          <code value="I13614" />
          <display value="Cholera" />
          <equivalence value="equivalent" />
        </target>
      </element>
      <element>
        <code value="75702008" />
        <display value="Brucellosis (disorder)" />
        <target>
          <code value="I13550" />
          <display value="Brucellose" />
          <equivalence value="equivalent" />
        </target>
      </element>
      <element>
        <code value="409498004" />
        <display value="Anthrax (disorder)" />
        <target>
          <code value="I14685" />
          <display value="Milzbrand" />
          <equivalence value="equivalent" />
        </target>
      </element>
      <element>
        <code value="39111003" />
        <display value="Louse-borne typhus (disorder)" />
        <target>
          <code value="I13965" />
          <display value="Fleckfieber" />
          <equivalence value="equivalent" />
        </target>
      </element>
      <element>
        <code value="28944009" />
        <display value="Cytomegalovirus infection (disorder)" />
        <target>
          <code value="I130677" />
          <display value="Zytomegalieviren-Infektion" />
          <equivalence value="equivalent" />
        </target>
      </element>
      <element>
        <code value="55735004" />
        <display value="Respiratory syncytial virus infection (disorder)" />
        <target>
          <code value="I130678" />
          <display value="Respiratory-Syncytial-Viren-Infektion" />
          <equivalence value="equivalent" />
        </target>
      </element>
      <element>
        <code value="186431008" />
        <display value="Clostridioides difficile infection (disorder)" />
        <target>
          <code value="I130668" />
          <display value="Clostridioides-difficile-Infektion" />
          <equivalence value="equivalent" />
        </target>
      </element>
      <element>
        <code value="307333004" />
        <display value="Rhesus isoimmunization due to anti-D (disorder)" />
        <target>
          <code value="I109141" />
          <display value="Rh-Unverträglichkeit bei Schwangerschaft" />
          <equivalence value="equivalent" />
        </target>
      </element>
    </group>
    
      
  </ConceptMap>